age_band,n,n_B,n_A,estimated_uplift_pp,ci95_lower_pp,ci95_upper_pp,segment_type,district,locale,send_time,district_age
,445,344,101,9.07,1.5,16.64,district_age,,,,"('Chennai_40-59',)"
,516,383,133,7.26,0.3,14.22,district_age,,,,"('Chennai_18-39',)"
"('0-17',)",342,219,123,6.92,1.28,12.56,age_band,,,,
,1060,713,347,6.91,2.58,11.24,send_time,,,"('morning',)",
,1355,1018,337,6.86,2.26,11.46,district,"('Chennai',)",,,
,2293,1617,676,5.5,2.33,8.66,locale,,"('ta-IN',)",,
"('18-39',)",1199,798,401,5.47,1.5,9.43,age_band,,,,
"('40-59',)",923,643,280,5.05,0.26,9.84,age_band,,,,
,1940,1331,609,4.12,0.69,7.55,send_time,,,"('evening',)",
